,Material compositions,O_pband_center
count,9,9.0
unique,9,
top,Ba7Mn8Zn1O24,
freq,1,
mean,,-1.4243333333333335
std,,0.22433457156666695
min,,-1.653
25%,,-1.5730000000000002
50%,,-1.4909999999999999
75%,,-1.4369999999999998
max,,-0.922
